<?xml version="1.0"?>
<ActiveDirCacheFile xmlns:xsd="http://www.w3.org/2001/XMLSchema" xmlns:xsi="http://www.w3.org/2001/XMLSchema-instance">
  <DomainName>STTR</DomainName>
  <Computers>
    <string>ADSyncMSA_16342</string>
    <string>AGIGNAC-LT</string>
    <string>AZUREADSSOACC</string>
    <string>CARROSSERIE-PC</string>
    <string>CCINQMARS-LT</string>
    <string>CFRECHETTE-PC</string>
    <string>CHALLARD-LT</string>
    <string>CHAUFFEUR-PC</string>
    <string>CHNORMAND-LT2</string>
    <string>CONFERENCE-PC</string>
    <string>DLAFOND-LT</string>
    <string>DRICARD-LT</string>
    <string>EPELLERIN-LT</string>
    <string>EPELLERIN-LT2</string>
    <string>FDELISLE-LT</string>
    <string>IBOUCHARD-LT</string>
    <string>JCARPENTIER-LT</string>
    <string>JDROLET-LT</string>
    <string>JIMBEAULT-LT</string>
    <string>JIMBEAULT-PC2</string>
    <string>JNOLETTE-LT</string>
    <string>JTREPANIER-LT</string>
    <string>JTREPANIER-LT2</string>
    <string>KGADOURY-LT</string>
    <string>KGRUNINGER-LT2</string>
    <string>LBARBEAU-LT</string>
    <string>LJOHNSTON-LT</string>
    <string>MAGASIN1-PC</string>
    <string>MAGASIN2-PC</string>
    <string>MBYETTE-LT</string>
    <string>MCROTEAU-LT</string>
    <string>MDUPONT-LT2</string>
    <string>MECANIQUE2-LT</string>
    <string>MECANIQUE-LT</string>
    <string>MEDRAINVILLE-PC</string>
    <string>PACIFICA2-LT</string>
    <string>PACIFICA-LT</string>
    <string>PBEDARD-LT</string>
    <string>PC-INFORMATIQUE</string>
    <string>PDUPUIS-LT</string>
    <string>PORTABLE1</string>
    <string>PORTABLE2</string>
    <string>PORTABLE4</string>
    <string>PORTABLE6</string>
    <string>PORTABLE7</string>
    <string>PORTABLE8</string>
    <string>PORTABLE-MECANO</string>
    <string>provAgentgMSA</string>
    <string>RCHAMBERLAND-LT</string>
    <string>REGULATION-PC2</string>
    <string>REPARTITEUR2-PC</string>
    <string>REPARTITEUR-PC</string>
    <string>REPARTITION-TU2</string>
    <string>RLANDRY-LT</string>
    <string>RLORANGER-LT</string>
    <string>SERVICE-PC</string>
    <string>SSOULIERES-LT</string>
    <string>STTR-DC1</string>
    <string>STTR-DC2</string>
    <string>STTR-POWERBI</string>
    <string>STTR-RDS1</string>
    <string>TA1-PC</string>
    <string>TA2-PC</string>
    <string>TA3-PC</string>
    <string>TA-TV</string>
    <string>TV-REGUL</string>
    <string>VM-DRICARD</string>
    <string>VM-PBEDARD</string>
    <string>VVERRET-LT</string>
  </Computers>
</ActiveDirCacheFile>